<class>
	<keyword>class</keyword>
	<identifier>SquareGame</identifier>
	<symbol>{</symbol>
	<classVarDec>
		<keyword>field</keyword>
		<identifier>Square</identifier>
		<identifier>square</identifier>
		<symbol>;</symbol>
	</classVarDec>
	<classVarDec>
		<keyword>field</keyword>
		<keyword>int</keyword>
		<identifier>direction</identifier>
		<symbol>;</symbol>
	</classVarDec>
	<subroutineDec>
		<keyword>constructor</keyword>
		<identifier>SquareGame</identifier>
		<identifier>new</identifier>
		<symbol>(</symbol>
		<parameterList></parameterList>
		<symbol>)</symbol>
		<subroutineBody>
			<symbol>{</symbol>
			<statements>
				<letStatement>
					<keyword>let</keyword>
					<identifier>square</identifier>
					<symbol>=</symbol>
					<expression>
						<term>
							<identifier>Square</identifier>
							<symbol>.</symbol>
							<identifier>new</identifier>
							<symbol>(</symbol>
							<expressionList>
								<expression>
									<term>
										<integerConstant>0</integerConstant>
									</term>
								</expression>
								<symbol>,</symbol>
								<expression>
									<term>
										<integerConstant>0</integerConstant>
									</term>
								</expression>
								<symbol>,</symbol>
								<expression>
									<term>
										<integerConstant>30</integerConstant>
									</term>
								</expression>
							</expressionList>
							<symbol>)</symbol>
						</term>
					</expression>
					<symbol>;</symbol>
				</letStatement>
				<letStatement>
					<keyword>let</keyword>
					<identifier>direction</identifier>
					<symbol>=</symbol>
					<expression>
						<term>
							<integerConstant>0</integerConstant>
						</term>
					</expression>
					<symbol>;</symbol>
				</letStatement>
				<returnStatement>
					<keyword>return</keyword>
					<expression>
						<term>
							<keyword>this</keyword>
						</term>
					</expression>
					<symbol>;</symbol>
				</returnStatement>
			</statements>
			<symbol>}</symbol>
		</subroutineBody>
	</subroutineDec>
	<subroutineDec>
		<keyword>method</keyword>
		<keyword>void</keyword>
		<identifier>dispose</identifier>
		<symbol>(</symbol>
		<parameterList></parameterList>
		<symbol>)</symbol>
		<subroutineBody>
			<symbol>{</symbol>
			<statements>
				<doStatement>
					<keyword>do</keyword>
					<identifier>square</identifier>
					<symbol>.</symbol>
					<identifier>dispose</identifier>
					<symbol>(</symbol>
					<expressionList></expressionList>
					<symbol>)</symbol>
					<symbol>;</symbol>
				</doStatement>
				<doStatement>
					<keyword>do</keyword>
					<identifier>Memory</identifier>
					<symbol>.</symbol>
					<identifier>deAlloc</identifier>
					<symbol>(</symbol>
					<expressionList>
						<expression>
							<term>
								<keyword>this</keyword>
							</term>
						</expression>
					</expressionList>
					<symbol>)</symbol>
					<symbol>;</symbol>
				</doStatement>
				<returnStatement>
					<keyword>return</keyword>
					<symbol>;</symbol>
				</returnStatement>
			</statements>
			<symbol>}</symbol>
		</subroutineBody>
	</subroutineDec>
	<subroutineDec>
		<keyword>method</keyword>
		<keyword>void</keyword>
		<identifier>moveSquare</identifier>
		<symbol>(</symbol>
		<parameterList></parameterList>
		<symbol>)</symbol>
		<subroutineBody>
			<symbol>{</symbol>
			<statements>
				<ifStatement>
					<keyword>if</keyword>
					<symbol>(</symbol>
					<expression>
						<term>
							<identifier>direction</identifier>
						</term>
						<symbol>=</symbol>
						<term>
							<integerConstant>1</integerConstant>
						</term>
					</expression>
					<symbol>)</symbol>
					<symbol>{</symbol>
					<statements>
						<doStatement>
							<keyword>do</keyword>
							<identifier>square</identifier>
							<symbol>.</symbol>
							<identifier>moveUp</identifier>
							<symbol>(</symbol>
							<expressionList></expressionList>
							<symbol>)</symbol>
							<symbol>;</symbol>
						</doStatement>
					</statements>
					<symbol>}</symbol>
				</ifStatement>
				<ifStatement>
					<keyword>if</keyword>
					<symbol>(</symbol>
					<expression>
						<term>
							<identifier>direction</identifier>
						</term>
						<symbol>=</symbol>
						<term>
							<integerConstant>2</integerConstant>
						</term>
					</expression>
					<symbol>)</symbol>
					<symbol>{</symbol>
					<statements>
						<doStatement>
							<keyword>do</keyword>
							<identifier>square</identifier>
							<symbol>.</symbol>
							<identifier>moveDown</identifier>
							<symbol>(</symbol>
							<expressionList></expressionList>
							<symbol>)</symbol>
							<symbol>;</symbol>
						</doStatement>
					</statements>
					<symbol>}</symbol>
				</ifStatement>
				<ifStatement>
					<keyword>if</keyword>
					<symbol>(</symbol>
					<expression>
						<term>
							<identifier>direction</identifier>
						</term>
						<symbol>=</symbol>
						<term>
							<integerConstant>3</integerConstant>
						</term>
					</expression>
					<symbol>)</symbol>
					<symbol>{</symbol>
					<statements>
						<doStatement>
							<keyword>do</keyword>
							<identifier>square</identifier>
							<symbol>.</symbol>
							<identifier>moveLeft</identifier>
							<symbol>(</symbol>
							<expressionList></expressionList>
							<symbol>)</symbol>
							<symbol>;</symbol>
						</doStatement>
					</statements>
					<symbol>}</symbol>
				</ifStatement>
				<ifStatement>
					<keyword>if</keyword>
					<symbol>(</symbol>
					<expression>
						<term>
							<identifier>direction</identifier>
						</term>
						<symbol>=</symbol>
						<term>
							<integerConstant>4</integerConstant>
						</term>
					</expression>
					<symbol>)</symbol>
					<symbol>{</symbol>
					<statements>
						<doStatement>
							<keyword>do</keyword>
							<identifier>square</identifier>
							<symbol>.</symbol>
							<identifier>moveRight</identifier>
							<symbol>(</symbol>
							<expressionList></expressionList>
							<symbol>)</symbol>
							<symbol>;</symbol>
						</doStatement>
					</statements>
					<symbol>}</symbol>
				</ifStatement>
				<doStatement>
					<keyword>do</keyword>
					<identifier>Sys</identifier>
					<symbol>.</symbol>
					<identifier>wait</identifier>
					<symbol>(</symbol>
					<expressionList>
						<expression>
							<term>
								<integerConstant>5</integerConstant>
							</term>
						</expression>
					</expressionList>
					<symbol>)</symbol>
					<symbol>;</symbol>
				</doStatement>
				<returnStatement>
					<keyword>return</keyword>
					<symbol>;</symbol>
				</returnStatement>
			</statements>
			<symbol>}</symbol>
		</subroutineBody>
	</subroutineDec>
	<subroutineDec>
		<keyword>method</keyword>
		<keyword>void</keyword>
		<identifier>run</identifier>
		<symbol>(</symbol>
		<parameterList></parameterList>
		<symbol>)</symbol>
		<subroutineBody>
			<symbol>{</symbol>
			<varDec>
				<keyword>var</keyword>
				<keyword>char</keyword>
				<identifier>key</identifier>
				<symbol>;</symbol>
			</varDec>
			<varDec>
				<keyword>var</keyword>
				<keyword>boolean</keyword>
				<identifier>exit</identifier>
				<symbol>;</symbol>
			</varDec>
			<statements>
				<letStatement>
					<keyword>let</keyword>
					<identifier>exit</identifier>
					<symbol>=</symbol>
					<expression>
						<term>
							<keyword>false</keyword>
						</term>
					</expression>
					<symbol>;</symbol>
				</letStatement>
				<whileStatement>
					<keyword>while</keyword>
					<symbol>(</symbol>
					<expression>
						<term>
							<symbol>~</symbol>
							<term>
								<identifier>exit</identifier>
							</term>
						</term>
					</expression>
					<symbol>)</symbol>
					<symbol>{</symbol>
					<statements>
						<whileStatement>
							<keyword>while</keyword>
							<symbol>(</symbol>
							<expression>
								<term>
									<identifier>key</identifier>
								</term>
								<symbol>=</symbol>
								<term>
									<integerConstant>0</integerConstant>
								</term>
							</expression>
							<symbol>)</symbol>
							<symbol>{</symbol>
							<statements>
								<letStatement>
									<keyword>let</keyword>
									<identifier>key</identifier>
									<symbol>=</symbol>
									<expression>
										<term>
											<identifier>Keyboard</identifier>
											<symbol>.</symbol>
											<identifier>keyPressed</identifier>
											<symbol>(</symbol>
											<expressionList></expressionList>
											<symbol>)</symbol>
										</term>
									</expression>
									<symbol>;</symbol>
								</letStatement>
								<doStatement>
									<keyword>do</keyword>
									<identifier>moveSquare</identifier>
									<symbol>(</symbol>
									<expressionList></expressionList>
									<symbol>)</symbol>
									<symbol>;</symbol>
								</doStatement>
							</statements>
							<symbol>}</symbol>
						</whileStatement>
						<ifStatement>
							<keyword>if</keyword>
							<symbol>(</symbol>
							<expression>
								<term>
									<identifier>key</identifier>
								</term>
								<symbol>=</symbol>
								<term>
									<integerConstant>81</integerConstant>
								</term>
							</expression>
							<symbol>)</symbol>
							<symbol>{</symbol>
							<statements>
								<letStatement>
									<keyword>let</keyword>
									<identifier>exit</identifier>
									<symbol>=</symbol>
									<expression>
										<term>
											<keyword>true</keyword>
										</term>
									</expression>
									<symbol>;</symbol>
								</letStatement>
							</statements>
							<symbol>}</symbol>
						</ifStatement>
						<ifStatement>
							<keyword>if</keyword>
							<symbol>(</symbol>
							<expression>
								<term>
									<identifier>key</identifier>
								</term>
								<symbol>=</symbol>
								<term>
									<integerConstant>90</integerConstant>
								</term>
							</expression>
							<symbol>)</symbol>
							<symbol>{</symbol>
							<statements>
								<doStatement>
									<keyword>do</keyword>
									<identifier>square</identifier>
									<symbol>.</symbol>
									<identifier>decSize</identifier>
									<symbol>(</symbol>
									<expressionList></expressionList>
									<symbol>)</symbol>
									<symbol>;</symbol>
								</doStatement>
							</statements>
							<symbol>}</symbol>
						</ifStatement>
						<ifStatement>
							<keyword>if</keyword>
							<symbol>(</symbol>
							<expression>
								<term>
									<identifier>key</identifier>
								</term>
								<symbol>=</symbol>
								<term>
									<integerConstant>88</integerConstant>
								</term>
							</expression>
							<symbol>)</symbol>
							<symbol>{</symbol>
							<statements>
								<doStatement>
									<keyword>do</keyword>
									<identifier>square</identifier>
									<symbol>.</symbol>
									<identifier>incSize</identifier>
									<symbol>(</symbol>
									<expressionList></expressionList>
									<symbol>)</symbol>
									<symbol>;</symbol>
								</doStatement>
							</statements>
							<symbol>}</symbol>
						</ifStatement>
						<ifStatement>
							<keyword>if</keyword>
							<symbol>(</symbol>
							<expression>
								<term>
									<identifier>key</identifier>
								</term>
								<symbol>=</symbol>
								<term>
									<integerConstant>131</integerConstant>
								</term>
							</expression>
							<symbol>)</symbol>
							<symbol>{</symbol>
							<statements>
								<letStatement>
									<keyword>let</keyword>
									<identifier>direction</identifier>
									<symbol>=</symbol>
									<expression>
										<term>
											<integerConstant>1</integerConstant>
										</term>
									</expression>
									<symbol>;</symbol>
								</letStatement>
							</statements>
							<symbol>}</symbol>
						</ifStatement>
						<ifStatement>
							<keyword>if</keyword>
							<symbol>(</symbol>
							<expression>
								<term>
									<identifier>key</identifier>
								</term>
								<symbol>=</symbol>
								<term>
									<integerConstant>133</integerConstant>
								</term>
							</expression>
							<symbol>)</symbol>
							<symbol>{</symbol>
							<statements>
								<letStatement>
									<keyword>let</keyword>
									<identifier>direction</identifier>
									<symbol>=</symbol>
									<expression>
										<term>
											<integerConstant>2</integerConstant>
										</term>
									</expression>
									<symbol>;</symbol>
								</letStatement>
							</statements>
							<symbol>}</symbol>
						</ifStatement>
						<ifStatement>
							<keyword>if</keyword>
							<symbol>(</symbol>
							<expression>
								<term>
									<identifier>key</identifier>
								</term>
								<symbol>=</symbol>
								<term>
									<integerConstant>130</integerConstant>
								</term>
							</expression>
							<symbol>)</symbol>
							<symbol>{</symbol>
							<statements>
								<letStatement>
									<keyword>let</keyword>
									<identifier>direction</identifier>
									<symbol>=</symbol>
									<expression>
										<term>
											<integerConstant>3</integerConstant>
										</term>
									</expression>
									<symbol>;</symbol>
								</letStatement>
							</statements>
							<symbol>}</symbol>
						</ifStatement>
						<ifStatement>
							<keyword>if</keyword>
							<symbol>(</symbol>
							<expression>
								<term>
									<identifier>key</identifier>
								</term>
								<symbol>=</symbol>
								<term>
									<integerConstant>132</integerConstant>
								</term>
							</expression>
							<symbol>)</symbol>
							<symbol>{</symbol>
							<statements>
								<letStatement>
									<keyword>let</keyword>
									<identifier>direction</identifier>
									<symbol>=</symbol>
									<expression>
										<term>
											<integerConstant>4</integerConstant>
										</term>
									</expression>
									<symbol>;</symbol>
								</letStatement>
							</statements>
							<symbol>}</symbol>
						</ifStatement>
						<whileStatement>
							<keyword>while</keyword>
							<symbol>(</symbol>
							<expression>
								<term>
									<symbol>~</symbol>
									<term>
										<symbol>(</symbol>
										<expression>
											<term>
												<identifier>key</identifier>
											</term>
											<symbol>=</symbol>
											<term>
												<integerConstant>0</integerConstant>
											</term>
										</expression>
										<symbol>)</symbol>
									</term>
								</term>
							</expression>
							<symbol>)</symbol>
							<symbol>{</symbol>
							<statements>
								<letStatement>
									<keyword>let</keyword>
									<identifier>key</identifier>
									<symbol>=</symbol>
									<expression>
										<term>
											<identifier>Keyboard</identifier>
											<symbol>.</symbol>
											<identifier>keyPressed</identifier>
											<symbol>(</symbol>
											<expressionList></expressionList>
											<symbol>)</symbol>
										</term>
									</expression>
									<symbol>;</symbol>
								</letStatement>
								<doStatement>
									<keyword>do</keyword>
									<identifier>moveSquare</identifier>
									<symbol>(</symbol>
									<expressionList></expressionList>
									<symbol>)</symbol>
									<symbol>;</symbol>
								</doStatement>
							</statements>
							<symbol>}</symbol>
						</whileStatement>
					</statements>
					<symbol>}</symbol>
				</whileStatement>
				<returnStatement>
					<keyword>return</keyword>
					<symbol>;</symbol>
				</returnStatement>
			</statements>
			<symbol>}</symbol>
		</subroutineBody>
	</subroutineDec>
	<symbol>}</symbol>
</class>